program,Optimizations,runtime
tut_basic_safe,,16237.6
tut_basic_safe,,15666.3
tut_basic_safe,,15774.3
tut_basic_safe,,15760.2
tut_basic_safe,,15848.2
tut_basic_safe,,15792.0
tut_basic_safe,,15817.1
tut_basic_safe,,15869.3
tut_basic_safe,,15810.6
tut_basic_safe,,15789.6
tut_basic_safe,-f,7593.8
tut_basic_safe,-f,7570.4
tut_basic_safe,-f,7571.5
tut_basic_safe,-f,7544.7
tut_basic_safe,-f,7655.4
tut_basic_safe,-f,7591.0
tut_basic_safe,-f,7513.2
tut_basic_safe,-f,7539.8
tut_basic_safe,-f,7521.1
tut_basic_safe,-f,7723.2
tut_basic_safe,-i,14334.0
tut_basic_safe,-i,14303.0
tut_basic_safe,-i,14749.9
tut_basic_safe,-i,14901.7
tut_basic_safe,-i,14826.7
tut_basic_safe,-i,14373.0
tut_basic_safe,-i,14391.0
tut_basic_safe,-i,14405.0
tut_basic_safe,-i,14356.7
tut_basic_safe,-i,14402.1
tut_basic_safe,-n,15588.2
tut_basic_safe,-n,15565.9
tut_basic_safe,-n,15689.9
tut_basic_safe,-n,15480.6
tut_basic_safe,-n,15562.2
tut_basic_safe,-n,15522.1
tut_basic_safe,-n,15596.5
tut_basic_safe,-n,15551.6
tut_basic_safe,-n,15569.0
tut_basic_safe,-n,15797.9
tut_basic_safe,-f -i -n,5854.6
tut_basic_safe,-f -i -n,5878.9
tut_basic_safe,-f -i -n,6009.4
tut_basic_safe,-f -i -n,5820.2
tut_basic_safe,-f -i -n,5908.6
tut_basic_safe,-f -i -n,5816.2
tut_basic_safe,-f -i -n,5818.5
tut_basic_safe,-f -i -n,5821.2
tut_basic_safe,-f -i -n,6041.7
tut_basic_safe,-f -i -n,5846.5
tut_basic_unsafe,,11580.9
tut_basic_unsafe,,11619.4
tut_basic_unsafe,,11604.1
tut_basic_unsafe,,11574.8
tut_basic_unsafe,,11564.0
tut_basic_unsafe,,11569.7
tut_basic_unsafe,,11544.4
tut_basic_unsafe,,11610.4
tut_basic_unsafe,,11569.3
tut_basic_unsafe,,11637.3
tut_basic_unsafe,-f,11689.5
tut_basic_unsafe,-f,11857.1
tut_basic_unsafe,-f,11627.0
tut_basic_unsafe,-f,11592.9
tut_basic_unsafe,-f,11710.0
tut_basic_unsafe,-f,11685.9
tut_basic_unsafe,-f,11597.3
tut_basic_unsafe,-f,11714.9
tut_basic_unsafe,-f,11701.1
tut_basic_unsafe,-f,11651.7
tut_basic_unsafe,-i,10155.7
tut_basic_unsafe,-i,10538.2
tut_basic_unsafe,-i,10132.6
tut_basic_unsafe,-i,10180.9
tut_basic_unsafe,-i,10205.2
tut_basic_unsafe,-i,10143.8
tut_basic_unsafe,-i,10246.9
tut_basic_unsafe,-i,10205.5
tut_basic_unsafe,-i,10238.9
tut_basic_unsafe,-i,10218.4
tut_basic_unsafe,-n,11339.1
tut_basic_unsafe,-n,11269.3
tut_basic_unsafe,-n,11359.1
tut_basic_unsafe,-n,11748.2
tut_basic_unsafe,-n,11315.4
tut_basic_unsafe,-n,11377.2
tut_basic_unsafe,-n,11375.9
tut_basic_unsafe,-n,11321.7
tut_basic_unsafe,-n,11329.8
tut_basic_unsafe,-n,11434.5
tut_basic_unsafe,-f -i -n,10237.6
tut_basic_unsafe,-f -i -n,9934.5
tut_basic_unsafe,-f -i -n,9955.1
tut_basic_unsafe,-f -i -n,10023.5
tut_basic_unsafe,-f -i -n,9978.8
tut_basic_unsafe,-f -i -n,10200.2
tut_basic_unsafe,-f -i -n,10157.6
tut_basic_unsafe,-f -i -n,9944.7
tut_basic_unsafe,-f -i -n,9986.4
tut_basic_unsafe,-f -i -n,10006.0
tut_tunnel_safe,,47878.5
tut_tunnel_safe,,47958.2
tut_tunnel_safe,,48059.6
tut_tunnel_safe,,47845.9
tut_tunnel_safe,,48114.4
tut_tunnel_safe,,48077.0
tut_tunnel_safe,,48120.3
tut_tunnel_safe,,49903.4
tut_tunnel_safe,,49708.1
tut_tunnel_safe,,48020.8
tut_tunnel_safe,-f,15897.3
tut_tunnel_safe,-f,15828.4
tut_tunnel_safe,-f,16139.5
tut_tunnel_safe,-f,15841.6
tut_tunnel_safe,-f,15800.1
tut_tunnel_safe,-f,15867.1
tut_tunnel_safe,-f,16267.5
tut_tunnel_safe,-f,16387.9
tut_tunnel_safe,-f,15825.4
tut_tunnel_safe,-f,15721.8
tut_tunnel_safe,-i,39492.9
tut_tunnel_safe,-i,39600.6
tut_tunnel_safe,-i,39488.4
tut_tunnel_safe,-i,39573.1
tut_tunnel_safe,-i,39568.6
tut_tunnel_safe,-i,39769.9
tut_tunnel_safe,-i,39564.2
tut_tunnel_safe,-i,39786.4
tut_tunnel_safe,-i,39612.8
tut_tunnel_safe,-i,39534.6
tut_tunnel_safe,-n,49538.2
tut_tunnel_safe,-n,47676.8
tut_tunnel_safe,-n,49198.7
tut_tunnel_safe,-n,49175.5
tut_tunnel_safe,-n,47440.5
tut_tunnel_safe,-n,47630.2
tut_tunnel_safe,-n,47581.6
tut_tunnel_safe,-n,47555.5
tut_tunnel_safe,-n,47665.0
tut_tunnel_safe,-n,47584.8
tut_tunnel_safe,-f -i -n,11335.1
tut_tunnel_safe,-f -i -n,11304.5
tut_tunnel_safe,-f -i -n,11371.0
tut_tunnel_safe,-f -i -n,11282.8
tut_tunnel_safe,-f -i -n,11305.6
tut_tunnel_safe,-f -i -n,11268.6
tut_tunnel_safe,-f -i -n,11263.5
tut_tunnel_safe,-f -i -n,11268.9
tut_tunnel_safe,-f -i -n,11275.8
tut_tunnel_safe,-f -i -n,11334.7
tut_tunnel_unsafe,,50453.9
tut_tunnel_unsafe,,50784.0
tut_tunnel_unsafe,,50776.5
tut_tunnel_unsafe,,50957.2
tut_tunnel_unsafe,,52607.5
tut_tunnel_unsafe,,50932.4
tut_tunnel_unsafe,,50982.5
tut_tunnel_unsafe,,50659.0
tut_tunnel_unsafe,,50764.7
tut_tunnel_unsafe,,50715.4
tut_tunnel_unsafe,-f,16547.8
tut_tunnel_unsafe,-f,16504.1
tut_tunnel_unsafe,-f,16527.9
tut_tunnel_unsafe,-f,16452.5
tut_tunnel_unsafe,-f,16907.9
tut_tunnel_unsafe,-f,17074.3
tut_tunnel_unsafe,-f,16570.8
tut_tunnel_unsafe,-f,16455.3
tut_tunnel_unsafe,-f,16520.1
tut_tunnel_unsafe,-f,16854.3
tut_tunnel_unsafe,-i,40362.8
tut_tunnel_unsafe,-i,40352.0
tut_tunnel_unsafe,-i,40315.7
tut_tunnel_unsafe,-i,40425.7
tut_tunnel_unsafe,-i,40443.9
tut_tunnel_unsafe,-i,40493.9
tut_tunnel_unsafe,-i,40384.6
tut_tunnel_unsafe,-i,40331.1
tut_tunnel_unsafe,-i,40472.6
tut_tunnel_unsafe,-i,40469.5
tut_tunnel_unsafe,-n,50177.2
tut_tunnel_unsafe,-n,50342.2
tut_tunnel_unsafe,-n,50291.8
tut_tunnel_unsafe,-n,50313.3
tut_tunnel_unsafe,-n,50250.0
tut_tunnel_unsafe,-n,50280.3
tut_tunnel_unsafe,-n,50360.9
tut_tunnel_unsafe,-n,50258.1
tut_tunnel_unsafe,-n,51956.0
tut_tunnel_unsafe,-n,50238.8
tut_tunnel_unsafe,-f -i -n,12431.4
tut_tunnel_unsafe,-f -i -n,12429.3
tut_tunnel_unsafe,-f -i -n,12801.7
tut_tunnel_unsafe,-f -i -n,12420.3
tut_tunnel_unsafe,-f -i -n,12376.8
tut_tunnel_unsafe,-f -i -n,12335.8
tut_tunnel_unsafe,-f -i -n,12389.0
tut_tunnel_unsafe,-f -i -n,12432.7
tut_tunnel_unsafe,-f -i -n,12393.4
tut_tunnel_unsafe,-f -i -n,12453.0
tut_load_balance_safe,,66089.0
tut_load_balance_safe,,66394.8
tut_load_balance_safe,,66277.1
tut_load_balance_safe,,66270.8
tut_load_balance_safe,,68268.8
tut_load_balance_safe,,67660.8
tut_load_balance_safe,,66387.2
tut_load_balance_safe,,66252.9
tut_load_balance_safe,,66303.3
tut_load_balance_safe,,66200.1
tut_load_balance_safe,-f,37547.6
tut_load_balance_safe,-f,37545.2
tut_load_balance_safe,-f,37569.2
tut_load_balance_safe,-f,37710.5
tut_load_balance_safe,-f,37478.2
tut_load_balance_safe,-f,37564.5
tut_load_balance_safe,-f,38277.1
tut_load_balance_safe,-f,37503.3
tut_load_balance_safe,-f,37543.3
tut_load_balance_safe,-f,37501.2
tut_load_balance_safe,-i,47528.5
tut_load_balance_safe,-i,48933.9
tut_load_balance_safe,-i,47462.7
tut_load_balance_safe,-i,47614.7
tut_load_balance_safe,-i,47503.3
tut_load_balance_safe,-i,47570.6
tut_load_balance_safe,-i,48672.3
tut_load_balance_safe,-i,49152.2
tut_load_balance_safe,-i,47658.0
tut_load_balance_safe,-i,47628.9
tut_load_balance_safe,-n,65589.4
tut_load_balance_safe,-n,65646.1
tut_load_balance_safe,-n,65824.0
tut_load_balance_safe,-n,65608.5
tut_load_balance_safe,-n,65655.6
tut_load_balance_safe,-n,65759.7
tut_load_balance_safe,-n,67709.8
tut_load_balance_safe,-n,65526.9
tut_load_balance_safe,-n,67629.5
tut_load_balance_safe,-n,66926.0
tut_load_balance_safe,-f -i -n,27320.8
tut_load_balance_safe,-f -i -n,27760.3
tut_load_balance_safe,-f -i -n,27683.9
tut_load_balance_safe,-f -i -n,27303.5
tut_load_balance_safe,-f -i -n,27233.2
tut_load_balance_safe,-f -i -n,27346.9
tut_load_balance_safe,-f -i -n,27279.6
tut_load_balance_safe,-f -i -n,27256.5
tut_load_balance_safe,-f -i -n,27268.0
tut_load_balance_safe,-f -i -n,27262.4
tut_load_balance_unsafe,,66386.9
tut_load_balance_unsafe,,66538.1
tut_load_balance_unsafe,,66448.2
tut_load_balance_unsafe,,66368.5
tut_load_balance_unsafe,,66601.0
tut_load_balance_unsafe,,66550.6
tut_load_balance_unsafe,,66575.4
tut_load_balance_unsafe,,66449.1
tut_load_balance_unsafe,,66589.5
tut_load_balance_unsafe,,66603.7
tut_load_balance_unsafe,-f,38599.0
tut_load_balance_unsafe,-f,39431.7
tut_load_balance_unsafe,-f,38679.1
tut_load_balance_unsafe,-f,38651.3
tut_load_balance_unsafe,-f,38690.7
tut_load_balance_unsafe,-f,38668.3
tut_load_balance_unsafe,-f,38796.2
tut_load_balance_unsafe,-f,38973.9
tut_load_balance_unsafe,-f,38756.2
tut_load_balance_unsafe,-f,38697.8
tut_load_balance_unsafe,-i,47004.9
tut_load_balance_unsafe,-i,46188.9
tut_load_balance_unsafe,-i,46202.6
tut_load_balance_unsafe,-i,46291.0
tut_load_balance_unsafe,-i,46497.1
tut_load_balance_unsafe,-i,45925.0
tut_load_balance_unsafe,-i,47552.5
tut_load_balance_unsafe,-i,47080.7
tut_load_balance_unsafe,-i,46158.7
tut_load_balance_unsafe,-i,46086.1
tut_load_balance_unsafe,-n,66165.3
tut_load_balance_unsafe,-n,66231.9
tut_load_balance_unsafe,-n,65939.7
tut_load_balance_unsafe,-n,66134.9
tut_load_balance_unsafe,-n,66030.8
tut_load_balance_unsafe,-n,67880.9
tut_load_balance_unsafe,-n,65872.5
tut_load_balance_unsafe,-n,65856.2
tut_load_balance_unsafe,-n,67210.9
tut_load_balance_unsafe,-n,68117.4
tut_load_balance_unsafe,-f -i -n,28575.3
tut_load_balance_unsafe,-f -i -n,28763.4
tut_load_balance_unsafe,-f -i -n,28693.8
tut_load_balance_unsafe,-f -i -n,28627.0
tut_load_balance_unsafe,-f -i -n,28572.0
tut_load_balance_unsafe,-f -i -n,28686.6
tut_load_balance_unsafe,-f -i -n,28559.6
tut_load_balance_unsafe,-f -i -n,28612.9
tut_load_balance_unsafe,-f -i -n,28603.6
tut_load_balance_unsafe,-f -i -n,28579.7
determined_forwarding_safe,,44.5
determined_forwarding_safe,,44.8
determined_forwarding_safe,,44.5
determined_forwarding_safe,,44.5
determined_forwarding_safe,,44.5
determined_forwarding_safe,,43.8
determined_forwarding_safe,,44.2
determined_forwarding_safe,,44.3
determined_forwarding_safe,,43.5
determined_forwarding_safe,,43.8
determined_forwarding_safe,-f,43.2
determined_forwarding_safe,-f,44.3
determined_forwarding_safe,-f,44.0
determined_forwarding_safe,-f,43.9
determined_forwarding_safe,-f,44.5
determined_forwarding_safe,-f,43.5
determined_forwarding_safe,-f,43.8
determined_forwarding_safe,-f,44.2
determined_forwarding_safe,-f,44.0
determined_forwarding_safe,-f,43.4
determined_forwarding_safe,-i,42.8
determined_forwarding_safe,-i,43.7
determined_forwarding_safe,-i,43.3
determined_forwarding_safe,-i,43.0
determined_forwarding_safe,-i,42.8
determined_forwarding_safe,-i,43.1
determined_forwarding_safe,-i,42.8
determined_forwarding_safe,-i,42.9
determined_forwarding_safe,-i,43.0
determined_forwarding_safe,-i,43.0
determined_forwarding_safe,-n,42.8
determined_forwarding_safe,-n,43.0
determined_forwarding_safe,-n,42.9
determined_forwarding_safe,-n,43.1
determined_forwarding_safe,-n,43.1
determined_forwarding_safe,-n,42.8
determined_forwarding_safe,-n,42.9
determined_forwarding_safe,-n,42.8
determined_forwarding_safe,-n,43.0
determined_forwarding_safe,-n,43.1
determined_forwarding_safe,-f -i -n,42.8
determined_forwarding_safe,-f -i -n,42.9
determined_forwarding_safe,-f -i -n,42.9
determined_forwarding_safe,-f -i -n,43.3
determined_forwarding_safe,-f -i -n,43.0
determined_forwarding_safe,-f -i -n,43.7
determined_forwarding_safe,-f -i -n,43.2
determined_forwarding_safe,-f -i -n,43.2
determined_forwarding_safe,-f -i -n,43.5
determined_forwarding_safe,-f -i -n,42.8
determined_forwarding_unsafe,,257.6
determined_forwarding_unsafe,,259.7
determined_forwarding_unsafe,,260.9
determined_forwarding_unsafe,,262.4
determined_forwarding_unsafe,,260.4
determined_forwarding_unsafe,,264.5
determined_forwarding_unsafe,,258.7
determined_forwarding_unsafe,,262.7
determined_forwarding_unsafe,,258.8
determined_forwarding_unsafe,,258.6
determined_forwarding_unsafe,-f,260.9
determined_forwarding_unsafe,-f,261.0
determined_forwarding_unsafe,-f,260.4
determined_forwarding_unsafe,-f,268.8
determined_forwarding_unsafe,-f,261.7
determined_forwarding_unsafe,-f,259.1
determined_forwarding_unsafe,-f,262.6
determined_forwarding_unsafe,-f,264.4
determined_forwarding_unsafe,-f,261.2
determined_forwarding_unsafe,-f,270.1
determined_forwarding_unsafe,-i,260.7
determined_forwarding_unsafe,-i,261.4
determined_forwarding_unsafe,-i,259.3
determined_forwarding_unsafe,-i,261.3
determined_forwarding_unsafe,-i,260.8
determined_forwarding_unsafe,-i,260.3
determined_forwarding_unsafe,-i,262.2
determined_forwarding_unsafe,-i,259.8
determined_forwarding_unsafe,-i,261.5
determined_forwarding_unsafe,-i,266.8
determined_forwarding_unsafe,-n,261.0
determined_forwarding_unsafe,-n,269.9
determined_forwarding_unsafe,-n,270.7
determined_forwarding_unsafe,-n,262.1
determined_forwarding_unsafe,-n,263.1
determined_forwarding_unsafe,-n,260.1
determined_forwarding_unsafe,-n,266.7
determined_forwarding_unsafe,-n,260.3
determined_forwarding_unsafe,-n,264.0
determined_forwarding_unsafe,-n,272.4
determined_forwarding_unsafe,-f -i -n,260.5
determined_forwarding_unsafe,-f -i -n,263.6
determined_forwarding_unsafe,-f -i -n,261.1
determined_forwarding_unsafe,-f -i -n,260.1
determined_forwarding_unsafe,-f -i -n,263.8
determined_forwarding_unsafe,-f -i -n,263.0
determined_forwarding_unsafe,-f -i -n,261.0
determined_forwarding_unsafe,-f -i -n,262.9
determined_forwarding_unsafe,-f -i -n,270.8
determined_forwarding_unsafe,-f -i -n,262.3
header_dependency_safe,,778.6
header_dependency_safe,,768.3
header_dependency_safe,,807.4
header_dependency_safe,,795.8
header_dependency_safe,,776.5
header_dependency_safe,,777.7
header_dependency_safe,,776.1
header_dependency_safe,,811.4
header_dependency_safe,,778.6
header_dependency_safe,,772.3
header_dependency_safe,-f,768.2
header_dependency_safe,-f,803.4
header_dependency_safe,-f,764.9
header_dependency_safe,-f,799.3
header_dependency_safe,-f,788.5
header_dependency_safe,-f,763.6
header_dependency_safe,-f,766.2
header_dependency_safe,-f,769.5
header_dependency_safe,-f,769.4
header_dependency_safe,-f,765.2
header_dependency_safe,-i,810.8
header_dependency_safe,-i,768.1
header_dependency_safe,-i,768.9
header_dependency_safe,-i,775.1
header_dependency_safe,-i,780.3
header_dependency_safe,-i,779.3
header_dependency_safe,-i,776.8
header_dependency_safe,-i,773.5
header_dependency_safe,-i,774.9
header_dependency_safe,-i,770.8
header_dependency_safe,-n,321.1
header_dependency_safe,-n,303.0
header_dependency_safe,-n,306.6
header_dependency_safe,-n,303.6
header_dependency_safe,-n,301.2
header_dependency_safe,-n,305.2
header_dependency_safe,-n,317.2
header_dependency_safe,-n,302.8
header_dependency_safe,-n,307.2
header_dependency_safe,-n,305.0
header_dependency_safe,-f -i -n,300.4
header_dependency_safe,-f -i -n,304.0
header_dependency_safe,-f -i -n,314.3
header_dependency_safe,-f -i -n,303.5
header_dependency_safe,-f -i -n,299.7
header_dependency_safe,-f -i -n,301.6
header_dependency_safe,-f -i -n,314.0
header_dependency_safe,-f -i -n,315.1
header_dependency_safe,-f -i -n,312.4
header_dependency_safe,-f -i -n,301.9
header_dependency_unsafe,,1392.3
header_dependency_unsafe,,1348.3
header_dependency_unsafe,,1341.3
header_dependency_unsafe,,1345.1
header_dependency_unsafe,,1343.8
header_dependency_unsafe,,1348.1
header_dependency_unsafe,,1341.8
header_dependency_unsafe,,1349.2
header_dependency_unsafe,,1343.8
header_dependency_unsafe,,1368.2
header_dependency_unsafe,-f,1256.1
header_dependency_unsafe,-f,1215.2
header_dependency_unsafe,-f,1216.2
header_dependency_unsafe,-f,1221.1
header_dependency_unsafe,-f,1216.1
header_dependency_unsafe,-f,1205.7
header_dependency_unsafe,-f,1221.9
header_dependency_unsafe,-f,1220.6
header_dependency_unsafe,-f,1216.6
header_dependency_unsafe,-f,1215.6
header_dependency_unsafe,-i,1362.3
header_dependency_unsafe,-i,1395.9
header_dependency_unsafe,-i,1360.8
header_dependency_unsafe,-i,1346.6
header_dependency_unsafe,-i,1352.1
header_dependency_unsafe,-i,1359.7
header_dependency_unsafe,-i,1349.5
header_dependency_unsafe,-i,1354.8
header_dependency_unsafe,-i,1345.4
header_dependency_unsafe,-i,1351.6
header_dependency_unsafe,-n,771.5
header_dependency_unsafe,-n,771.3
header_dependency_unsafe,-n,772.7
header_dependency_unsafe,-n,775.9
header_dependency_unsafe,-n,773.7
header_dependency_unsafe,-n,767.3
header_dependency_unsafe,-n,771.9
header_dependency_unsafe,-n,795.0
header_dependency_unsafe,-n,764.1
header_dependency_unsafe,-n,772.7
header_dependency_unsafe,-f -i -n,629.9
header_dependency_unsafe,-f -i -n,630.6
header_dependency_unsafe,-f -i -n,634.6
header_dependency_unsafe,-f -i -n,630.2
header_dependency_unsafe,-f -i -n,629.8
header_dependency_unsafe,-f -i -n,628.3
header_dependency_unsafe,-f -i -n,625.6
header_dependency_unsafe,-f -i -n,645.5
header_dependency_unsafe,-f -i -n,631.2
header_dependency_unsafe,-f -i -n,634.3
ipv4_opt_safe,,2169.0
ipv4_opt_safe,,2172.9
ipv4_opt_safe,,2168.1
ipv4_opt_safe,,2276.5
ipv4_opt_safe,,2170.8
ipv4_opt_safe,,2167.2
ipv4_opt_safe,,2166.0
ipv4_opt_safe,,2175.7
ipv4_opt_safe,,2179.8
ipv4_opt_safe,,2170.7
ipv4_opt_safe,-f,2065.2
ipv4_opt_safe,-f,1976.5
ipv4_opt_safe,-f,1978.7
ipv4_opt_safe,-f,1986.1
ipv4_opt_safe,-f,1987.0
ipv4_opt_safe,-f,2067.9
ipv4_opt_safe,-f,1967.5
ipv4_opt_safe,-f,1988.4
ipv4_opt_safe,-f,1974.2
ipv4_opt_safe,-f,1999.0
ipv4_opt_safe,-i,2226.8
ipv4_opt_safe,-i,2165.9
ipv4_opt_safe,-i,2163.4
ipv4_opt_safe,-i,2165.1
ipv4_opt_safe,-i,2181.0
ipv4_opt_safe,-i,2174.5
ipv4_opt_safe,-i,2187.6
ipv4_opt_safe,-i,2162.5
ipv4_opt_safe,-i,2184.3
ipv4_opt_safe,-i,2174.7
ipv4_opt_safe,-n,1153.3
ipv4_opt_safe,-n,1143.2
ipv4_opt_safe,-n,1139.3
ipv4_opt_safe,-n,1142.4
ipv4_opt_safe,-n,1148.3
ipv4_opt_safe,-n,1135.3
ipv4_opt_safe,-n,1138.3
ipv4_opt_safe,-n,1138.6
ipv4_opt_safe,-n,1203.6
ipv4_opt_safe,-n,1151.0
ipv4_opt_safe,-f -i -n,989.8
ipv4_opt_safe,-f -i -n,941.7
ipv4_opt_safe,-f -i -n,952.0
ipv4_opt_safe,-f -i -n,943.1
ipv4_opt_safe,-f -i -n,953.2
ipv4_opt_safe,-f -i -n,946.6
ipv4_opt_safe,-f -i -n,944.3
ipv4_opt_safe,-f -i -n,950.9
ipv4_opt_safe,-f -i -n,950.7
ipv4_opt_safe,-f -i -n,941.8
ipv4_opt_unsafe,,2056.1
ipv4_opt_unsafe,,2056.5
ipv4_opt_unsafe,,2057.0
ipv4_opt_unsafe,,2056.1
ipv4_opt_unsafe,,2067.6
ipv4_opt_unsafe,,2073.7
ipv4_opt_unsafe,,2057.8
ipv4_opt_unsafe,,2053.8
ipv4_opt_unsafe,,2131.9
ipv4_opt_unsafe,,2053.7
ipv4_opt_unsafe,-f,1829.4
ipv4_opt_unsafe,-f,1820.9
ipv4_opt_unsafe,-f,1903.5
ipv4_opt_unsafe,-f,1812.2
ipv4_opt_unsafe,-f,1829.5
ipv4_opt_unsafe,-f,1828.6
ipv4_opt_unsafe,-f,1838.0
ipv4_opt_unsafe,-f,1837.5
ipv4_opt_unsafe,-f,1816.7
ipv4_opt_unsafe,-f,1814.7
ipv4_opt_unsafe,-i,2070.7
ipv4_opt_unsafe,-i,2057.9
ipv4_opt_unsafe,-i,2059.1
ipv4_opt_unsafe,-i,2069.7
ipv4_opt_unsafe,-i,2054.2
ipv4_opt_unsafe,-i,2060.2
ipv4_opt_unsafe,-i,2063.0
ipv4_opt_unsafe,-i,2059.9
ipv4_opt_unsafe,-i,2062.9
ipv4_opt_unsafe,-i,2070.5
ipv4_opt_unsafe,-n,892.3
ipv4_opt_unsafe,-n,890.4
ipv4_opt_unsafe,-n,903.9
ipv4_opt_unsafe,-n,890.1
ipv4_opt_unsafe,-n,898.0
ipv4_opt_unsafe,-n,887.4
ipv4_opt_unsafe,-n,897.8
ipv4_opt_unsafe,-n,896.7
ipv4_opt_unsafe,-n,887.7
ipv4_opt_unsafe,-n,929.1
ipv4_opt_unsafe,-f -i -n,650.3
ipv4_opt_unsafe,-f -i -n,643.2
ipv4_opt_unsafe,-f -i -n,645.6
ipv4_opt_unsafe,-f -i -n,649.3
ipv4_opt_unsafe,-f -i -n,641.9
ipv4_opt_unsafe,-f -i -n,641.2
ipv4_opt_unsafe,-f -i -n,649.9
ipv4_opt_unsafe,-f -i -n,645.6
ipv4_opt_unsafe,-f -i -n,648.0
ipv4_opt_unsafe,-f -i -n,646.0
ipv4_ttl_safe,,289.3
ipv4_ttl_safe,,291.7
ipv4_ttl_safe,,281.8
ipv4_ttl_safe,,292.1
ipv4_ttl_safe,,280.5
ipv4_ttl_safe,,290.6
ipv4_ttl_safe,,286.3
ipv4_ttl_safe,,278.9
ipv4_ttl_safe,,291.8
ipv4_ttl_safe,,284.3
ipv4_ttl_safe,-f,260.6
ipv4_ttl_safe,-f,265.0
ipv4_ttl_safe,-f,258.6
ipv4_ttl_safe,-f,259.2
ipv4_ttl_safe,-f,259.6
ipv4_ttl_safe,-f,258.9
ipv4_ttl_safe,-f,262.2
ipv4_ttl_safe,-f,258.8
ipv4_ttl_safe,-f,261.4
ipv4_ttl_safe,-f,259.9
ipv4_ttl_safe,-i,273.8
ipv4_ttl_safe,-i,271.7
ipv4_ttl_safe,-i,269.6
ipv4_ttl_safe,-i,284.0
ipv4_ttl_safe,-i,272.8
ipv4_ttl_safe,-i,273.3
ipv4_ttl_safe,-i,271.0
ipv4_ttl_safe,-i,272.7
ipv4_ttl_safe,-i,269.4
ipv4_ttl_safe,-i,273.5
ipv4_ttl_safe,-n,282.6
ipv4_ttl_safe,-n,277.3
ipv4_ttl_safe,-n,290.7
ipv4_ttl_safe,-n,284.9
ipv4_ttl_safe,-n,284.8
ipv4_ttl_safe,-n,287.4
ipv4_ttl_safe,-n,291.7
ipv4_ttl_safe,-n,291.2
ipv4_ttl_safe,-n,284.2
ipv4_ttl_safe,-n,292.7
ipv4_ttl_safe,-f -i -n,250.7
ipv4_ttl_safe,-f -i -n,251.9
ipv4_ttl_safe,-f -i -n,265.4
ipv4_ttl_safe,-f -i -n,250.0
ipv4_ttl_safe,-f -i -n,262.4
ipv4_ttl_safe,-f -i -n,255.8
ipv4_ttl_safe,-f -i -n,254.5
ipv4_ttl_safe,-f -i -n,255.9
ipv4_ttl_safe,-f -i -n,251.0
ipv4_ttl_safe,-f -i -n,255.2
ipv4_ttl_unsafe,,339.6
ipv4_ttl_unsafe,,345.2
ipv4_ttl_unsafe,,340.4
ipv4_ttl_unsafe,,343.8
ipv4_ttl_unsafe,,339.5
ipv4_ttl_unsafe,,349.6
ipv4_ttl_unsafe,,344.0
ipv4_ttl_unsafe,,358.7
ipv4_ttl_unsafe,,342.7
ipv4_ttl_unsafe,,345.4
ipv4_ttl_unsafe,-f,359.7
ipv4_ttl_unsafe,-f,362.8
ipv4_ttl_unsafe,-f,365.7
ipv4_ttl_unsafe,-f,353.7
ipv4_ttl_unsafe,-f,362.5
ipv4_ttl_unsafe,-f,357.8
ipv4_ttl_unsafe,-f,356.2
ipv4_ttl_unsafe,-f,366.4
ipv4_ttl_unsafe,-f,361.0
ipv4_ttl_unsafe,-f,356.8
ipv4_ttl_unsafe,-i,330.9
ipv4_ttl_unsafe,-i,336.9
ipv4_ttl_unsafe,-i,340.0
ipv4_ttl_unsafe,-i,338.8
ipv4_ttl_unsafe,-i,333.5
ipv4_ttl_unsafe,-i,348.1
ipv4_ttl_unsafe,-i,340.1
ipv4_ttl_unsafe,-i,332.2
ipv4_ttl_unsafe,-i,334.6
ipv4_ttl_unsafe,-i,335.1
ipv4_ttl_unsafe,-n,351.8
ipv4_ttl_unsafe,-n,341.7
ipv4_ttl_unsafe,-n,348.0
ipv4_ttl_unsafe,-n,345.7
ipv4_ttl_unsafe,-n,342.8
ipv4_ttl_unsafe,-n,345.5
ipv4_ttl_unsafe,-n,357.3
ipv4_ttl_unsafe,-n,344.2
ipv4_ttl_unsafe,-n,343.4
ipv4_ttl_unsafe,-n,341.4
ipv4_ttl_unsafe,-f -i -n,348.3
ipv4_ttl_unsafe,-f -i -n,347.4
ipv4_ttl_unsafe,-f -i -n,349.9
ipv4_ttl_unsafe,-f -i -n,345.5
ipv4_ttl_unsafe,-f -i -n,348.3
ipv4_ttl_unsafe,-f -i -n,346.6
ipv4_ttl_unsafe,-f -i -n,346.5
ipv4_ttl_unsafe,-f -i -n,345.5
ipv4_ttl_unsafe,-f -i -n,347.0
ipv4_ttl_unsafe,-f -i -n,352.3
mutual_exclusion_ingress_safe,,240.7
mutual_exclusion_ingress_safe,,243.0
mutual_exclusion_ingress_safe,,240.7
mutual_exclusion_ingress_safe,,238.9
mutual_exclusion_ingress_safe,,237.2
mutual_exclusion_ingress_safe,,239.4
mutual_exclusion_ingress_safe,,236.2
mutual_exclusion_ingress_safe,,237.6
mutual_exclusion_ingress_safe,,238.1
mutual_exclusion_ingress_safe,,239.3
mutual_exclusion_ingress_safe,-f,249.9
mutual_exclusion_ingress_safe,-f,251.4
mutual_exclusion_ingress_safe,-f,252.3
mutual_exclusion_ingress_safe,-f,251.3
mutual_exclusion_ingress_safe,-f,254.1
mutual_exclusion_ingress_safe,-f,253.9
mutual_exclusion_ingress_safe,-f,251.0
mutual_exclusion_ingress_safe,-f,253.5
mutual_exclusion_ingress_safe,-f,252.6
mutual_exclusion_ingress_safe,-f,252.0
mutual_exclusion_ingress_safe,-i,236.7
mutual_exclusion_ingress_safe,-i,238.1
mutual_exclusion_ingress_safe,-i,238.8
mutual_exclusion_ingress_safe,-i,238.6
mutual_exclusion_ingress_safe,-i,239.1
mutual_exclusion_ingress_safe,-i,235.5
mutual_exclusion_ingress_safe,-i,246.8
mutual_exclusion_ingress_safe,-i,246.6
mutual_exclusion_ingress_safe,-i,237.8
mutual_exclusion_ingress_safe,-i,237.4
mutual_exclusion_ingress_safe,-n,237.2
mutual_exclusion_ingress_safe,-n,237.6
mutual_exclusion_ingress_safe,-n,238.1
mutual_exclusion_ingress_safe,-n,236.8
mutual_exclusion_ingress_safe,-n,237.4
mutual_exclusion_ingress_safe,-n,237.0
mutual_exclusion_ingress_safe,-n,237.4
mutual_exclusion_ingress_safe,-n,236.2
mutual_exclusion_ingress_safe,-n,236.5
mutual_exclusion_ingress_safe,-n,236.7
mutual_exclusion_ingress_safe,-f -i -n,253.0
mutual_exclusion_ingress_safe,-f -i -n,250.4
mutual_exclusion_ingress_safe,-f -i -n,252.1
mutual_exclusion_ingress_safe,-f -i -n,252.0
mutual_exclusion_ingress_safe,-f -i -n,251.9
mutual_exclusion_ingress_safe,-f -i -n,253.8
mutual_exclusion_ingress_safe,-f -i -n,251.6
mutual_exclusion_ingress_safe,-f -i -n,251.5
mutual_exclusion_ingress_safe,-f -i -n,251.3
mutual_exclusion_ingress_safe,-f -i -n,252.8
mutual_exclusion_ingress_unsafe,,318.4
mutual_exclusion_ingress_unsafe,,307.1
mutual_exclusion_ingress_unsafe,,307.5
mutual_exclusion_ingress_unsafe,,307.1
mutual_exclusion_ingress_unsafe,,310.6
mutual_exclusion_ingress_unsafe,,308.2
mutual_exclusion_ingress_unsafe,,312.1
mutual_exclusion_ingress_unsafe,,320.5
mutual_exclusion_ingress_unsafe,,313.4
mutual_exclusion_ingress_unsafe,,308.0
mutual_exclusion_ingress_unsafe,-f,288.9
mutual_exclusion_ingress_unsafe,-f,283.2
mutual_exclusion_ingress_unsafe,-f,270.9
mutual_exclusion_ingress_unsafe,-f,271.6
mutual_exclusion_ingress_unsafe,-f,278.5
mutual_exclusion_ingress_unsafe,-f,278.1
mutual_exclusion_ingress_unsafe,-f,276.4
mutual_exclusion_ingress_unsafe,-f,283.7
mutual_exclusion_ingress_unsafe,-f,273.3
mutual_exclusion_ingress_unsafe,-f,272.1
mutual_exclusion_ingress_unsafe,-i,312.0
mutual_exclusion_ingress_unsafe,-i,317.9
mutual_exclusion_ingress_unsafe,-i,311.4
mutual_exclusion_ingress_unsafe,-i,316.5
mutual_exclusion_ingress_unsafe,-i,309.5
mutual_exclusion_ingress_unsafe,-i,314.8
mutual_exclusion_ingress_unsafe,-i,310.3
mutual_exclusion_ingress_unsafe,-i,310.3
mutual_exclusion_ingress_unsafe,-i,309.4
mutual_exclusion_ingress_unsafe,-i,306.8
mutual_exclusion_ingress_unsafe,-n,308.7
mutual_exclusion_ingress_unsafe,-n,311.0
mutual_exclusion_ingress_unsafe,-n,308.1
mutual_exclusion_ingress_unsafe,-n,308.2
mutual_exclusion_ingress_unsafe,-n,306.2
mutual_exclusion_ingress_unsafe,-n,310.4
mutual_exclusion_ingress_unsafe,-n,311.7
mutual_exclusion_ingress_unsafe,-n,313.9
mutual_exclusion_ingress_unsafe,-n,310.3
mutual_exclusion_ingress_unsafe,-n,307.3
mutual_exclusion_ingress_unsafe,-f -i -n,277.7
mutual_exclusion_ingress_unsafe,-f -i -n,271.7
mutual_exclusion_ingress_unsafe,-f -i -n,274.1
mutual_exclusion_ingress_unsafe,-f -i -n,275.8
mutual_exclusion_ingress_unsafe,-f -i -n,272.6
mutual_exclusion_ingress_unsafe,-f -i -n,286.4
mutual_exclusion_ingress_unsafe,-f -i -n,276.1
mutual_exclusion_ingress_unsafe,-f -i -n,283.2
mutual_exclusion_ingress_unsafe,-f -i -n,271.8
mutual_exclusion_ingress_unsafe,-f -i -n,276.5
roundtripping_safe,,69394.3
roundtripping_safe,,69478.4
roundtripping_safe,,69356.4
roundtripping_safe,,69676.3
roundtripping_safe,,70476.5
roundtripping_safe,,69549.9
roundtripping_safe,,69360.1
roundtripping_safe,,69152.1
roundtripping_safe,,69347.5
roundtripping_safe,,70638.8
roundtripping_safe,-f,38802.0
roundtripping_safe,-f,38934.0
roundtripping_safe,-f,38766.4
roundtripping_safe,-f,38879.8
roundtripping_safe,-f,38851.1
roundtripping_safe,-f,38863.0
roundtripping_safe,-f,38889.4
roundtripping_safe,-f,38821.2
roundtripping_safe,-f,38842.9
roundtripping_safe,-f,39017.5
roundtripping_safe,-i,70018.4
roundtripping_safe,-i,68901.9
roundtripping_safe,-i,68734.7
roundtripping_safe,-i,68839.0
roundtripping_safe,-i,69019.4
roundtripping_safe,-i,68764.8
roundtripping_safe,-i,68432.1
roundtripping_safe,-i,68897.5
roundtripping_safe,-i,68545.2
roundtripping_safe,-i,68740.8
roundtripping_safe,-n,68785.1
roundtripping_safe,-n,68804.0
roundtripping_safe,-n,68728.8
roundtripping_safe,-n,68725.4
roundtripping_safe,-n,68692.4
roundtripping_safe,-n,68660.3
roundtripping_safe,-n,69840.1
roundtripping_safe,-n,68774.8
roundtripping_safe,-n,68883.0
roundtripping_safe,-n,68734.1
roundtripping_safe,-f -i -n,36971.0
roundtripping_safe,-f -i -n,38051.8
roundtripping_safe,-f -i -n,37070.1
roundtripping_safe,-f -i -n,37152.1
roundtripping_safe,-f -i -n,37124.3
roundtripping_safe,-f -i -n,37098.0
roundtripping_safe,-f -i -n,37211.0
roundtripping_safe,-f -i -n,37098.4
roundtripping_safe,-f -i -n,37113.4
roundtripping_safe,-f -i -n,37134.3
roundtripping_unsafe,,3066.8
roundtripping_unsafe,,3047.8
roundtripping_unsafe,,3031.7
roundtripping_unsafe,,3046.1
roundtripping_unsafe,,3049.0
roundtripping_unsafe,,3040.7
roundtripping_unsafe,,3051.6
roundtripping_unsafe,,3097.0
roundtripping_unsafe,,3047.6
roundtripping_unsafe,,3015.9
roundtripping_unsafe,-f,1983.3
roundtripping_unsafe,-f,1983.4
roundtripping_unsafe,-f,1991.2
roundtripping_unsafe,-f,2002.9
roundtripping_unsafe,-f,1982.1
roundtripping_unsafe,-f,2069.5
roundtripping_unsafe,-f,1991.7
roundtripping_unsafe,-f,1991.9
roundtripping_unsafe,-f,1987.9
roundtripping_unsafe,-f,1978.6
roundtripping_unsafe,-i,2936.5
roundtripping_unsafe,-i,2955.5
roundtripping_unsafe,-i,2934.2
roundtripping_unsafe,-i,2941.1
roundtripping_unsafe,-i,2952.5
roundtripping_unsafe,-i,2954.9
roundtripping_unsafe,-i,2961.3
roundtripping_unsafe,-i,2951.1
roundtripping_unsafe,-i,2919.4
roundtripping_unsafe,-i,2961.4
roundtripping_unsafe,-n,2222.3
roundtripping_unsafe,-n,2238.7
roundtripping_unsafe,-n,2236.7
roundtripping_unsafe,-n,2239.9
roundtripping_unsafe,-n,2241.2
roundtripping_unsafe,-n,2236.9
roundtripping_unsafe,-n,2243.7
roundtripping_unsafe,-n,2257.5
roundtripping_unsafe,-n,2236.7
roundtripping_unsafe,-n,2216.1
roundtripping_unsafe,-f -i -n,1167.9
roundtripping_unsafe,-f -i -n,1160.3
roundtripping_unsafe,-f -i -n,1123.1
roundtripping_unsafe,-f -i -n,1118.3
roundtripping_unsafe,-f -i -n,1119.4
roundtripping_unsafe,-f -i -n,1163.2
roundtripping_unsafe,-f -i -n,1112.8
roundtripping_unsafe,-f -i -n,1111.0
roundtripping_unsafe,-f -i -n,1112.7
roundtripping_unsafe,-f -i -n,1108.8
vlan_decap_safe,,5846.3
vlan_decap_safe,,5851.2
vlan_decap_safe,,5842.3
vlan_decap_safe,,5832.5
vlan_decap_safe,,5850.3
vlan_decap_safe,,5840.6
vlan_decap_safe,,5847.5
vlan_decap_safe,,5801.4
vlan_decap_safe,,5823.5
vlan_decap_safe,,5826.1
vlan_decap_safe,-f,5585.1
vlan_decap_safe,-f,5615.9
vlan_decap_safe,-f,5568.5
vlan_decap_safe,-f,5594.9
vlan_decap_safe,-f,5590.9
vlan_decap_safe,-f,5574.9
vlan_decap_safe,-f,5578.7
vlan_decap_safe,-f,5598.5
vlan_decap_safe,-f,5603.4
vlan_decap_safe,-f,5732.6
vlan_decap_safe,-i,3628.3
vlan_decap_safe,-i,3463.6
vlan_decap_safe,-i,3480.5
vlan_decap_safe,-i,3477.9
vlan_decap_safe,-i,3472.9
vlan_decap_safe,-i,3458.5
vlan_decap_safe,-i,3477.9
vlan_decap_safe,-i,3458.1
vlan_decap_safe,-i,3553.2
vlan_decap_safe,-i,3441.1
vlan_decap_safe,-n,4696.5
vlan_decap_safe,-n,4675.6
vlan_decap_safe,-n,4822.2
vlan_decap_safe,-n,4629.5
vlan_decap_safe,-n,4666.6
vlan_decap_safe,-n,4688.5
vlan_decap_safe,-n,4708.4
vlan_decap_safe,-n,4685.0
vlan_decap_safe,-n,4672.5
vlan_decap_safe,-n,4861.7
vlan_decap_safe,-f -i -n,1916.4
vlan_decap_safe,-f -i -n,1903.2
vlan_decap_safe,-f -i -n,1901.7
vlan_decap_safe,-f -i -n,1911.4
vlan_decap_safe,-f -i -n,1911.7
vlan_decap_safe,-f -i -n,1903.3
vlan_decap_safe,-f -i -n,1909.8
vlan_decap_safe,-f -i -n,1995.4
vlan_decap_safe,-f -i -n,1904.7
vlan_decap_safe,-f -i -n,1898.7
vlan_decap_unsafe,,5637.0
vlan_decap_unsafe,,5664.8
vlan_decap_unsafe,,5650.0
vlan_decap_unsafe,,5668.4
vlan_decap_unsafe,,5905.7
vlan_decap_unsafe,,5662.1
vlan_decap_unsafe,,5644.4
vlan_decap_unsafe,,5921.7
vlan_decap_unsafe,,5624.7
vlan_decap_unsafe,,5639.7
vlan_decap_unsafe,-f,5102.8
vlan_decap_unsafe,-f,5103.1
vlan_decap_unsafe,-f,5162.9
vlan_decap_unsafe,-f,5128.6
vlan_decap_unsafe,-f,5133.6
vlan_decap_unsafe,-f,5094.3
vlan_decap_unsafe,-f,5122.3
vlan_decap_unsafe,-f,5118.5
vlan_decap_unsafe,-f,5148.0
vlan_decap_unsafe,-f,5299.7
vlan_decap_unsafe,-i,3992.7
vlan_decap_unsafe,-i,3988.2
vlan_decap_unsafe,-i,4078.4
vlan_decap_unsafe,-i,3996.6
vlan_decap_unsafe,-i,3984.7
vlan_decap_unsafe,-i,3982.5
vlan_decap_unsafe,-i,3987.2
vlan_decap_unsafe,-i,3999.4
vlan_decap_unsafe,-i,3988.4
vlan_decap_unsafe,-i,3986.0
vlan_decap_unsafe,-n,4512.2
vlan_decap_unsafe,-n,4498.4
vlan_decap_unsafe,-n,4512.7
vlan_decap_unsafe,-n,4481.5
vlan_decap_unsafe,-n,4489.5
vlan_decap_unsafe,-n,4506.3
vlan_decap_unsafe,-n,4485.0
vlan_decap_unsafe,-n,4519.9
vlan_decap_unsafe,-n,4500.5
vlan_decap_unsafe,-n,4490.1
vlan_decap_unsafe,-f -i -n,2594.7
vlan_decap_unsafe,-f -i -n,2583.3
vlan_decap_unsafe,-f -i -n,2600.5
vlan_decap_unsafe,-f -i -n,2586.2
vlan_decap_unsafe,-f -i -n,2602.6
vlan_decap_unsafe,-f -i -n,2593.0
vlan_decap_unsafe,-f -i -n,2611.1
vlan_decap_unsafe,-f -i -n,2602.4
vlan_decap_unsafe,-f -i -n,2597.6
vlan_decap_unsafe,-f -i -n,2610.7
